Drawing,Part,PDF page,Quantity,Material,Feature dimensions,Dimension basis
P01,01_Inlet_Top,2,1,BCX plywood - nominal,Axial length X: 12.000; Panel width: 12.500; Wall thickness: 0.250; Clear inlet: 12.000 square; Panel is a rectangular solid.; Butt joints follow CAD assembly.,12 in clear square inlet; 12 in long; 0.25 in plywood. Nominal fitted joints.
P02,01_Inlet_Bottom,3,1,BCX plywood - nominal,Axial length X: 12.000; Panel width: 12.500; Wall thickness: 0.250; Clear inlet: 12.000 square; Panel is a rectangular solid.; Butt joints follow CAD assembly.,12 in clear square inlet; 12 in long; 0.25 in plywood. Nominal fitted joints.
P03,01_Inlet_Right,4,1,BCX plywood - nominal,Axial length X: 12.000; Panel width: 12.000; Wall thickness: 0.250; Clear inlet: 12.000 square; Panel is a rectangular solid.; Butt joints follow CAD assembly.,12 in clear square inlet; 12 in long; 0.25 in plywood. Nominal fitted joints.
P04,01_Inlet_Left,5,1,BCX plywood - nominal,Axial length X: 12.000; Panel width: 12.000; Wall thickness: 0.250; Clear inlet: 12.000 square; Panel is a rectangular solid.; Butt joints follow CAD assembly.,12 in clear square inlet; 12 in long; 0.25 in plywood. Nominal fitted joints.
P05,02_Contraction_Top,6,1,BCX plywood - nominal,Axial length X: 12.000; Entry panel width: 12.500; Exit panel width: 6.500; Radial wall thickness: 0.250; Normal thickness: 0.242536; Wall rise / fall: 3.000; Wall slope: 14.0362 deg; Centerline face length: 12.369317; Inner edge seam: 12.727922; Clear bore: 12.000 to 6.000 square; Ends perpendicular to X axis.; Lofted installed panel; not a flat pattern.,12 to 6 in clear square; 12 in axial length; 0.25 in radial wall. Idealized fitted geometry.
P06,02_Contraction_Bottom,7,1,BCX plywood - nominal,Axial length X: 12.000; Entry panel width: 12.500; Exit panel width: 6.500; Radial wall thickness: 0.250; Normal thickness: 0.242536; Wall rise / fall: 3.000; Wall slope: 14.0362 deg; Centerline face length: 12.369317; Inner edge seam: 12.727922; Clear bore: 12.000 to 6.000 square; Ends perpendicular to X axis.; Lofted installed panel; not a flat pattern.,12 to 6 in clear square; 12 in axial length; 0.25 in radial wall. Idealized fitted geometry.
P07,02_Contraction_Right,8,1,BCX plywood - nominal,Axial length X: 12.000; Entry panel width: 12.000; Exit panel width: 6.000; Radial wall thickness: 0.250; Normal thickness: 0.242536; Wall rise / fall: 3.000; Wall slope: 14.0362 deg; Centerline face length: 12.369317; Inner edge seam: 12.727922; Clear bore: 12.000 to 6.000 square; Ends perpendicular to X axis.; Lofted installed panel; not a flat pattern.,12 to 6 in clear square; 12 in axial length; 0.25 in radial wall. Idealized fitted geometry.
P08,02_Contraction_Left,9,1,BCX plywood - nominal,Axial length X: 12.000; Entry panel width: 12.000; Exit panel width: 6.000; Radial wall thickness: 0.250; Normal thickness: 0.242536; Wall rise / fall: 3.000; Wall slope: 14.0362 deg; Centerline face length: 12.369317; Inner edge seam: 12.727922; Clear bore: 12.000 to 6.000 square; Ends perpendicular to X axis.; Lofted installed panel; not a flat pattern.,12 to 6 in clear square; 12 in axial length; 0.25 in radial wall. Idealized fitted geometry.
P09,03_Test_Floor,10,1,Acrylic (Medium-high impact),Length: 18.000; Width: 6.186; Thickness: 0.093; Rod clearance: DIA 8 mm THRU; Hole center: X = 9.000; Hole center: Y = 0.000; From either long edge: 3.093; Hole placement is assumed.,18 in long; 0.093 in sheet; 8 mm rod clearance assumed at mid-length.
P10,03_Test_Right,11,1,Acrylic (Medium-high impact),Length: 18.000; Height: 5.875; Thickness: 0.093; Top edge Z = 2.875; Bottom edge Z = -3.000; Gasket allowance: 0.125,"18 in long, 0.093 in sheet. Top lowered 0.125 in for gasket."
P11,03_Test_Left,12,1,Acrylic (Medium-high impact),Length: 18.000; Height: 5.875; Thickness: 0.093; Top edge Z = 2.875; Bottom edge Z = -3.000; Gasket allowance: 0.125,"18 in long, 0.093 in sheet. Top lowered 0.125 in for gasket."
P12,03_Removable_Lid,13,1,Acrylic (Medium-high impact),Length: 18.000; Width: 7.800; Thickness: 0.093; Width increased for magnetic tabs.; Nominal passage height: 6.000,7.8 x 18 x 0.093 in; widened to cover assumed magnetic tabs. Central nominal passage height 6 in.
P13,04_Diffuser_Top,14,1,BCX plywood - nominal,Axial length X: 12.000; Entry panel width: 6.500; Exit panel width: 12.500; Radial wall thickness: 0.250; Normal thickness: 0.242536; Wall rise / fall: 3.000; Wall slope: 14.0362 deg; Centerline face length: 12.369317; Inner edge seam: 12.727922; Clear bore: 6.000 to 12.000 square; Ends perpendicular to X axis.; Lofted installed panel; not a flat pattern.,6 to 12 in clear square; 12 in axial length; 0.25 in radial wall. Idealized fitted geometry.
P14,04_Diffuser_Bottom,15,1,BCX plywood - nominal,Axial length X: 12.000; Entry panel width: 6.500; Exit panel width: 12.500; Radial wall thickness: 0.250; Normal thickness: 0.242536; Wall rise / fall: 3.000; Wall slope: 14.0362 deg; Centerline face length: 12.369317; Inner edge seam: 12.727922; Clear bore: 6.000 to 12.000 square; Ends perpendicular to X axis.; Lofted installed panel; not a flat pattern.,6 to 12 in clear square; 12 in axial length; 0.25 in radial wall. Idealized fitted geometry.
P15,04_Diffuser_Right,16,1,BCX plywood - nominal,Axial length X: 12.000; Entry panel width: 6.000; Exit panel width: 12.000; Radial wall thickness: 0.250; Normal thickness: 0.242536; Wall rise / fall: 3.000; Wall slope: 14.0362 deg; Centerline face length: 12.369317; Inner edge seam: 12.727922; Clear bore: 6.000 to 12.000 square; Ends perpendicular to X axis.; Lofted installed panel; not a flat pattern.,6 to 12 in clear square; 12 in axial length; 0.25 in radial wall. Idealized fitted geometry.
P16,04_Diffuser_Left,17,1,BCX plywood - nominal,Axial length X: 12.000; Entry panel width: 6.000; Exit panel width: 12.000; Radial wall thickness: 0.250; Normal thickness: 0.242536; Wall rise / fall: 3.000; Wall slope: 14.0362 deg; Centerline face length: 12.369317; Inner edge seam: 12.727922; Clear bore: 6.000 to 12.000 square; Ends perpendicular to X axis.; Lofted installed panel; not a flat pattern.,6 to 12 in clear square; 12 in axial length; 0.25 in radial wall. Idealized fitted geometry.
P17,05_Aramid_Honeycomb,18,1,Aramid paper - assumed,"ALL DETAIL VALUES BELOW IN mm; Outer square: 300 x 300; Axial thickness: 15; Hex opening vertex radius: 5.653590; Opening across flats: 9.792305; Opening across corners: 11.307180; Column pitch Y: 9; Row pitch Z: 10.392305; Odd columns stagger: 5.196152; Approx. shared wall: 0.600; Pore centers: Y = 9c; Z = 10.392305(r + 0.5 |c| mod 2); c = -16..16; r = -15..15; Vertices at 0,60,...300 degrees.; Keep pores with |Y|, |Z| <= 148.; Pattern is representative, not measured.",300 x 300 x 15 mm from BOM; assumed 12 mm hexagons and 0.3 mm cell inset giving approximately 0.6 mm shared walls.
P18,05_Aluminum_Screen,19,2,1060 Alloy,ALL DETAIL VALUES BELOW IN mm; Outer square: 300 x 300; Thickness X: 0.350; 576 square openings: 24 x 24; Each opening: 11.650 x 11.650; Pitch Y and Z: 12.000; Strip width: 0.350; Lower Y/Z border: 6.350; Upper Y/Z border: 6.000; Lower corner of first opening:; Y = -143.650; Z = -143.650; Other openings repeat at 12 mm.; Representative mesh; weave omitted.,"300 mm square. Lightweight representative mesh: 12 mm pitch, 0.35 mm wire/strip thickness; actual weave unspecified."
P19,05_Honeycomb_Edge_Seal,20,1,Foam weatherstrip - assumed,Outer square: 12.000; Inner square: 300 mm (11.811024); Axial thickness: 15 mm (0.590551); Seal wall: 2.4 mm (0.094488); Open center; continuous perimeter.,Assumed perimeter seal fills gap between 300 mm honeycomb and 304.8 mm inlet.
P20,06_Fan_Housing,21,1,Plain Carbon Steel,Axial length: 8.000; Outer diameter: 6.250; Inner diameter: 6.000; Wall thickness: 0.125; Open at both ends.; Purchased fan envelope only.,VIVOSUN 6 in nominal fan; 8 in axial envelope from drawing. 6.25 in OD and 0.125 in wall assumed; external representation.
P21,06_Fan_End_Collar,22,2,Plain Carbon Steel,Axial length: 0.400; Outer diameter: 6.500; Inner diameter: 6.250; Radial wall: 0.125,"Assumed collar geometry for visual representation; 6.5 in OD, 0.4 in long."
P22,06_Fan_Impeller,23,1,ABS,"Hub diameter: 1.200; Hub axial length: 1.200; Five blades at 72 deg spacing; Blade thickness X: 0.080; Blade plane: X = 0.500 to 0.580; First blade outline (Y, Z):; A = (0.350, -0.150); B = (2.800, -0.450); C = (2.650, 0.350); D = (0.350, 0.250); Rotate outline about X for copies.; Flat static blades; pitch omitted.; Entire impeller geometry assumed.","Simplified static impeller. Blade count, pitch, hub dimensions assumed; not a manufacturing or performance model."
P23,07_Lid_Gasket_Rail,24,2,Foam weatherstrip - assumed,Length X: 18.000; Width Y: 0.500; Height Z: 0.125; Nominal uncompressed weatherstrip.,0.5 x 0.125 in weatherstrip per BOM; supported by acrylic side wall with inward/outward overhang.
P24,07_Magnet_Support_Tab,25,4,BCX plywood - nominal,Length X: 1.250; Width Y: 0.750; Thickness Z: 0.250; Attachment holes not modeled.,Assumed external magnetic lid tabs. Fit and attachment require verification.
P25,07_Disc_Magnet,26,8,Neodymium magnet - assumed,Diameter: 0.700; Thickness X: 0.110; Eight magnets / four pairs.,0.7 in diameter x 0.11 in thick per BOM. Eight magnets in four pairs; simplified placement.
P26,08_Base_Rail,27,2,Pine,Length X: 64.000; Width Y: 2.500; Height Z: 1.500; Dressed nominal 2 x 3 lumber.,"64 in assumed rail length; dressed nominal 2x3 section, 2.5 in transverse x 1.5 in vertical."
P27,08_Crossbeam,28,5,Pine,Depth X: 2.500; Span Y: 13.000; Height Z: 1.500; Dressed nominal 2 x 3 lumber.,Assumed dressed lumber crossbeam 13 x 1.5 x 2.5 in.
P28,08_Inlet_Diffuser_Post,29,4,Pine,Depth X: 2.500; Width Y: 1.500; Height Z: 1.000; Assumed support geometry.,Assumed riser: 1.5 x 1.0 x 2.5 in. Fits rails and crossbeam.
P29,08_Test_Support_Post,30,4,Pine,Depth X: 2.500; Width Y: 1.500; Height Z: 4.157; Assumed support geometry.,Assumed riser 1.5 x 4.157 x 2.5 in.
P30,08_Fan_Support_Post,31,2,Pine,Depth X: 2.500; Width Y: 1.500; Height Z: 4.125; Assumed support geometry.,Assumed 4.125 in height with dressed 1.5 x 2.5 in stock; supports fan crossbeam at housing underside.
P31,08_Electronics_Shelf,32,1,BCX plywood - nominal,Length X: 7.000; Width Y: 10.000; Thickness Z: 0.250,Assumed 10 x 7 x 0.25 in shelf beneath test section.
P32,09_Load_Cell_5kg,33,1,1060 Alloy,ALL DETAIL VALUES BELOW IN mm; Length X: 75.000; Width Y: 12.700; Height Z: 12.700; 5 kg purchased load-cell envelope.; Mounting holes / flexures omitted.,SparkFun 5 kg bar load cell per BOM; 75 x 12.7 x 12.7 mm envelope assumed. Mounting holes and internal flexures not measured.
P33,09_Stainless_Model_Rod,34,1,AISI 304,Diameter: 0.250; Cut length X: 3.900; Rod stock diameter from BOM.; Cut length assumed.,1/4 in diameter from BOM overrides older 3/4 in aluminum label. 3.9 in cut length assumed.
P34,09_Load_Cell_Mount,35,1,BCX plywood - nominal,Length X: 1.000; Width Y: 1.200; Height Z: 0.307; Attachment details not measured.,"Assumed mounting block 1.2 in wide x 0.307 in high x 1 in axial length, between load cell and floor."
P35,09_Arduino_UNO_Board,36,1,PCB laminate - assumed,ALL DETAIL VALUES BELOW IN mm; Length X: 53.400; Width Y: 68.600; Thickness Z: 1.600; UNO R3 envelope only.; Connectors / mounting holes omitted.,UNO R3 per BOM. Simplified 68.6 x 53.4 x 1.6 mm board envelope; connector locations omitted.
P36,09_HX711_Board,37,1,PCB laminate - assumed,ALL DETAIL VALUES BELOW IN mm; Length X: 20.000; Width Y: 34.000; Thickness Z: 1.600; HX711 envelope only.; Electrical features omitted.,HX711 per BOM. 34 x 20 x 1.6 mm assumed board envelope; no electrical functionality.
P37,10_Corner_Brace_3_5in,38,16,Galvanized Steel,"Seam length X: 3.500; Flange leg length: 0.750 each; Nominal section gauge: 0.075; Inside bend angle: 93.372287 deg; 6 x DIA 0.210 THRU; X hole stations from end:; 0.375 / 1.750 / 3.125; Top flange hole center: Y = -0.375; Side flange: Z = -0.374351; Section profile in (u,v):; (-.750,0), (0,0), (0,-.750),; (.075,-.750), (.075,.075),; (-.750,.075). Sharp bend modeled.; Y = u - v/17; Z = 0.998268v; Hole axes follow CAD Y and Z.; Opened bend is a fit assumption.","3.5 in length ALONG corner seam, two 0.75 in flanges, 0.075 in gauge and six 0.21 in holes. Length from package photo 03; flange, gauge, hole pattern and 93.37 degree installed bend assumed. Two braces per contraction corner per photos 13/21. Eight additional matching instances on diffuser at user request; same 1 and 7.875 in axial start offsets as contraction, following expanding corner seams."
P38,10_Corner_Brace_2in,39,8,Galvanized Steel,"Seam length X: 2.000; Flange leg length: 0.750 each; Nominal section gauge: 0.075; Inside bend angle: 90.000000 deg; 4 x DIA 0.210 THRU; X hole stations from end:; 0.375 / 1.625; Top flange hole center: Y = -0.375; Side flange: Z = -0.375000; Section profile in (u,v):; (-.750,0), (0,0), (0,-.750),; (.075,-.750), (.075,.075),; (-.750,.075). Sharp bend modeled.; Y = u; Z = v. Hole axes: Y and Z.","2 in length ALONG corner seam, two 0.75 in flanges, 0.075 in gauge and four 0.21 in holes. 90 degree bend. Two per inlet corner inferred symmetrically from photo 21; eight instances exceed four in early BOM."
P39,REF_Measured_Trapezoid_A,40,0,BCX plywood - nominal,"Measured long edge: 12.000; Measured short edge: 5.750; Measured left edge: 12.500; Measured right edge: 12.375; Thickness X: 0.250 (assumed); Profile height: 12.036104; Short-edge left offset: 3.373750; Profile coordinates (Y,Z):; A (0,0), B (12,0); C (9.123750,12.036104); D (3.373750,12.036104); REFERENCE ONLY: not installed.; Source: photo 10_IMG_9661.","Photo 10_IMG_9661: wide end12.00, narrow5.75, left edge12.5, right12.375 in. Shape reconstructed from four measured edges; not substituted into nominal assembly."
P40,11_Screen_Retaining_Frame,41,2,BCX plywood - nominal,Outer square: 12.000; Inner square: 11.400; Border width: 0.300; Axial thickness: 0.250; Assumed screen retaining frame.,Assumed 0.25 in perimeter frame supporting each 300 mm screen inside inlet.
P41,11_Wood_Screw_No8_3_4in,42,128,Galvanized Steel,Shaft diameter: 4.17 mm (0.164173); Shaft length: 0.750; Head diameter: 0.320; Head axial thickness: 0.085; Overall axial length: 0.835; Nominal #8 x 3/4 wood screw.; Smooth shank / round head proxy.; Threads and countersink omitted.,"#8 x 3/4 in simplified smooth shaft and round head. One instance per modeled brace hole; 128 is a full-pattern representation, not the 24-screw early purchase count. Countersinks/threads and wood pilot drilling omitted."
P42,11_Manometer_U_Tube,43,1,Clear vinyl - assumed,Tube outer diameter: 0.250; Tube inner diameter: 0.125; Wall thickness: 0.0625; Bend centerline radius: 1.000; Bend sweep: 180 deg; Straight leg length: 5.000 each; Leg center spacing: 2.000; Tube cut length: 13.141593 REF; Pressure taps / fluid omitted.,"Clear vinyl U-tube from drawing. Assumed 1/4 in OD, 1/8 in ID, 1 in bend radius and 5 in legs. Schematic placement; pressure connections and fluid omitted."
P43,11_Diffuser_Saddle,44,1,Pine,Axial depth X: 2.500; Span Y: 13.000; Entry height: 1.250; Exit height: 0.625; Top-face slope: 14.0362 deg; Bottom is flat: Z = -6.250; Top: Z = -5.000 to -5.625,Assumed sloping saddle matching diffuser underside over axial stations 49 to 51.5 in.
P44,12_Caulk_Inlet_Corner,45,4,White caulk - assumed,"Axial length X: 12.000; Fillet extent / radius: 0.1250; Start corner Y = Z = 6.000; End corner Y = Z = 6.000; Corner seam length: 12.000000; End profile: vertex (h,h), then; Y = h-r + r cos(a); Z = h-r + r sin(a); a = 90, 78.75, ... 0 deg; Eight straight facets approximate arc.; Straight loft between end profiles.; Sealant is an applied allowance;; exact as-built gap map unavailable.","White Kwik Seal representation; assumed 1/8 in rounded fillet extent, applied along plywood seams."
P45,12_Caulk_Contraction_Corner,46,4,White caulk - assumed,"Axial length X: 12.000; Fillet extent / radius: 0.1250; Start corner Y = Z = 6.000; End corner Y = Z = 3.000; Corner seam length: 12.727922; End profile: vertex (h,h), then; Y = h-r + r cos(a); Z = h-r + r sin(a); a = 90, 78.75, ... 0 deg; Eight straight facets approximate arc.; Straight loft between end profiles.; Sealant is an applied allowance;; exact as-built gap map unavailable.",Assumed 1/8 in smoothed bead along imperfect plywood corner; follows 12 to 6 in contraction.
P46,12_Caulk_Diffuser_Corner,47,4,White caulk - assumed,"Axial length X: 12.000; Fillet extent / radius: 0.1250; Start corner Y = Z = 3.000; End corner Y = Z = 6.000; Corner seam length: 12.727922; End profile: vertex (h,h), then; Y = h-r + r cos(a); Z = h-r + r sin(a); a = 90, 78.75, ... 0 deg; Eight straight facets approximate arc.; Straight loft between end profiles.; Sealant is an applied allowance;; exact as-built gap map unavailable.",Assumed 1/8 in smoothed bead along imperfect plywood corner; follows 6 to 12 in diffuser.
P47,12_Caulk_Acrylic_Floor_Seam,48,2,White caulk - assumed,"Axial length X: 18.000; Fillet extent / radius: 0.0625; Start corner Y = Z = 3.000; End corner Y = Z = 3.000; Corner seam length: 18.000000; End profile: vertex (h,h), then; Y = h-r + r cos(a); Z = h-r + r sin(a); a = 90, 78.75, ... 0 deg; Eight straight facets approximate arc.; Straight loft between end profiles.; Sealant is an applied allowance;; exact as-built gap map unavailable.",Assumed 1/16 in internal seal at the two bonded floor-side seams. Removable lid remains on weatherstrip.
P48,12_Caulk_Inlet_Contraction_Joint,49,1,White caulk - assumed,Axial gap X: 0.125; Clear bore each end: 12.000 square; Entry radial wall: 0.250; Exit radial wall: 0.250; Entry outer square: 12.500; Exit outer square: 12.500; Entry Y center: 0.000; Exit Y center: 0.000; Z center: 0.000 at both ends; Four wall lofts; open airflow bore.; CAD solid bodies: 1; Gap and transverse shift assumed.,Separate caulk ring fills an assumed 1/8 in axial section gap; bore remains open. Gap size is not an as-built measurement.
P49,12_Caulk_Contraction_Acrylic_Joint,50,1,White caulk - assumed,Axial gap X: 0.125; Clear bore each end: 6.000 square; Entry radial wall: 0.250; Exit radial wall: 0.093; Entry outer square: 6.500; Exit outer square: 6.186; Entry Y center: 0.000; Exit Y center: 0.125; Z center: 0.000 at both ends; Four wall lofts; open airflow bore.; CAD solid bodies: 2; Gap and transverse shift assumed.,"Caulk bridges 1/8 in axial gap, 1/8 in transverse acrylic offset and plywood/acrylic wall-thickness step. Assumed gap reconstruction."
P50,12_Caulk_Acrylic_Diffuser_Joint,51,1,White caulk - assumed,Axial gap X: 0.125; Clear bore each end: 6.000 square; Entry radial wall: 0.093; Exit radial wall: 0.250; Entry outer square: 6.186; Exit outer square: 6.500; Entry Y center: 0.125; Exit Y center: 0.000; Z center: 0.000 at both ends; Four wall lofts; open airflow bore.; CAD solid bodies: 1; Gap and transverse shift assumed.,"Caulk bridges 1/8 in axial gap, 1/8 in transverse acrylic offset and wall-thickness step. Remains hollow for airflow."
